{
  "_format": "hh-sol-cache-2",
  "files": {
    "C:\\Users\\banda\\OneDrive\\Desktop\\web3.0\\smart_contract\\node_modules\\hardhat\\console.sol": {
      "lastModificationDate": 1645534953798,
      "contentHash": "cc4777addd464ea56fa35b1c45df0591",
      "sourceName": "hardhat/console.sol",
      "solcConfig": {
        "version": "0.8.4",
        "settings": {
          "optimizer": {
            "enabled": false,
            "runs": 200
          },
          "outputSelection": {
            "*": {
              "*": [
                "abi",
                "evm.bytecode",
                "evm.deployedBytecode",
                "evm.methodIdentifiers",
                "metadata"
              ],
              "": [
                "ast"
              ]
            }
          }
        }
      },
      "imports": [],
      "versionPragmas": [
        ">=0.4.22 <0.9.0"
      ],
      "artifacts": [
        "console"
      ]
    },
    "C:\\Users\\banda\\OneDrive\\Desktop\\web3.0\\smart_contract\\contracts\\Transactions.sol": {
      "lastModificationDate": 1645542270267,
      "contentHash": "6e2727f1c12484e5182c04de0373494b",
      "sourceName": "contracts/Transactions.sol",
      "solcConfig": {
        "version": "0.8.0",
        "settings": {
          "optimizer": {
            "enabled": false,
            "runs": 200
          },
          "outputSelection": {
            "*": {
              "*": [
                "abi",
                "evm.bytecode",
                "evm.deployedBytecode",
                "evm.methodIdentifiers",
                "metadata"
              ],
              "": [
                "ast"
              ]
            }
          }
        }
      },
      "imports": [],
      "versionPragmas": [
        "^0.8.0"
      ],
      "artifacts": [
        "Transactions"
      ]
    }
  }
}
